Signal,Timestamp
Sell,28-Nov-2024
Sell,27-Nov-2024
Sell,26-Nov-2024
Sell,25-Nov-2024
Sell,22-Nov-2024
Sell,21-Nov-2024
Buy,19-Nov-2024
Buy,18-Nov-2024
Buy,14-Nov-2024
Buy,13-Nov-2024
Buy,12-Nov-2024
Buy,11-Nov-2024
Buy,08-Nov-2024
Buy,07-Nov-2024
Buy,06-Nov-2024
Sell,05-Nov-2024
Sell,04-Nov-2024
Sell,01-Nov-2024
Sell,31-Oct-2024
Buy,30-Oct-2024
Sell,29-Oct-2024
Sell,28-Oct-2024
Sell,25-Oct-2024
Buy,24-Oct-2024
Buy,23-Oct-2024
Buy,22-Oct-2024
Buy,21-Oct-2024
Buy,18-Oct-2024
Buy,17-Oct-2024
Buy,16-Oct-2024
Buy,15-Oct-2024
Buy,14-Oct-2024
Buy,11-Oct-2024
Buy,10-Oct-2024
Buy,09-Oct-2024
Buy,08-Oct-2024
Sell,07-Oct-2024
Sell,04-Oct-2024
Buy,03-Oct-2024
Buy,01-Oct-2024
Buy,30-Sep-2024
Sell,27-Sep-2024
Sell,26-Sep-2024
Sell,25-Sep-2024
Sell,24-Sep-2024
Sell,23-Sep-2024
Sell,20-Sep-2024
Sell,19-Sep-2024
Sell,18-Sep-2024
Sell,17-Sep-2024
Buy,16-Sep-2024
Buy,13-Sep-2024
Buy,12-Sep-2024
Sell,11-Sep-2024
Buy,10-Sep-2024
Sell,09-Sep-2024
Buy,06-Sep-2024
Buy,05-Sep-2024
Buy,04-Sep-2024
Buy,03-Sep-2024
Buy,02-Sep-2024
Sell,30-Aug-2024
Sell,29-Aug-2024
Sell,28-Aug-2024
Buy,27-Aug-2024
Buy,26-Aug-2024
Buy,23-Aug-2024
Buy,22-Aug-2024
Buy,21-Aug-2024
Sell,20-Aug-2024
Buy,19-Aug-2024
Buy,16-Aug-2024
Sell,14-Aug-2024
Buy,13-Aug-2024
Buy,12-Aug-2024
Buy,09-Aug-2024
Buy,08-Aug-2024
Buy,07-Aug-2024
Sell,06-Aug-2024
Sell,05-Aug-2024
Buy,02-Aug-2024
Buy,01-Aug-2024
Buy,31-Jul-2024
Sell,30-Jul-2024
Sell,29-Jul-2024
Sell,26-Jul-2024
Sell,25-Jul-2024
Sell,24-Jul-2024
Sell,23-Jul-2024
Sell,22-Jul-2024
Buy,19-Jul-2024
Buy,18-Jul-2024
Buy,16-Jul-2024
Buy,15-Jul-2024
Sell,12-Jul-2024
Sell,11-Jul-2024
Buy,10-Jul-2024
Buy,09-Jul-2024
Buy,08-Jul-2024
Buy,05-Jul-2024
Buy,04-Jul-2024
Buy,03-Jul-2024
Buy,02-Jul-2024
Buy,01-Jul-2024
Buy,28-Jun-2024
Sell,27-Jun-2024
Sell,26-Jun-2024
Sell,25-Jun-2024
Buy,24-Jun-2024
Buy,21-Jun-2024
Buy,20-Jun-2024
Buy,19-Jun-2024
Buy,18-Jun-2024
Buy,14-Jun-2024
Sell,13-Jun-2024
Sell,12-Jun-2024
Sell,11-Jun-2024
Sell,10-Jun-2024
Sell,07-Jun-2024
Sell,06-Jun-2024
Sell,05-Jun-2024
Sell,04-Jun-2024
Buy,03-Jun-2024
Buy,31-May-2024
Sell,30-May-2024
Sell,29-May-2024
Sell,28-May-2024
Buy,27-May-2024
Buy,24-May-2024
Buy,23-May-2024
Sell,22-May-2024
Sell,21-May-2024
Sell,18-May-2024
Sell,17-May-2024
Sell,16-May-2024
Sell,15-May-2024
Sell,14-May-2024
Sell,13-May-2024
Sell,10-May-2024
Sell,09-May-2024
Sell,08-May-2024
Buy,07-May-2024
Buy,06-May-2024
Buy,03-May-2024
Buy,02-May-2024
Buy,30-Apr-2024
Buy,29-Apr-2024
Buy,26-Apr-2024
Buy,25-Apr-2024
Sell,24-Apr-2024
Sell,23-Apr-2024
Sell,22-Apr-2024
Sell,19-Apr-2024
Sell,18-Apr-2024
Buy,16-Apr-2024
Buy,15-Apr-2024
Buy,12-Apr-2024
Buy,10-Apr-2024
Buy,09-Apr-2024
Buy,08-Apr-2024
Buy,05-Apr-2024
Sell,04-Apr-2024
Buy,03-Apr-2024
Buy,02-Apr-2024
Buy,01-Apr-2024
Sell,28-Mar-2024
Sell,27-Mar-2024
Sell,26-Mar-2024
Sell,22-Mar-2024
Sell,21-Mar-2024
Sell,20-Mar-2024
Sell,19-Mar-2024
Buy,18-Mar-2024
Buy,15-Mar-2024
Buy,14-Mar-2024
Sell,13-Mar-2024
Buy,12-Mar-2024
Buy,11-Mar-2024
Buy,07-Mar-2024
Buy,06-Mar-2024
Buy,05-Mar-2024
Buy,04-Mar-2024
Buy,02-Mar-2024
Buy,01-Mar-2024
Sell,29-Feb-2024
Sell,28-Feb-2024
Buy,27-Feb-2024
Buy,26-Feb-2024
Sell,23-Feb-2024
Sell,22-Feb-2024
Sell,21-Feb-2024
Sell,20-Feb-2024
Buy,19-Feb-2024
Sell,16-Feb-2024
Sell,15-Feb-2024
Sell,14-Feb-2024
Sell,13-Feb-2024
Sell,12-Feb-2024
Buy,09-Feb-2024
Sell,08-Feb-2024
Buy,07-Feb-2024
Buy,06-Feb-2024
Sell,05-Feb-2024
Sell,02-Feb-2024
Sell,01-Feb-2024
Sell,31-Jan-2024
Sell,30-Jan-2024
Sell,29-Jan-2024
Sell,25-Jan-2024
Sell,24-Jan-2024
Sell,23-Jan-2024
Buy,20-Jan-2024
Sell,19-Jan-2024
Sell,18-Jan-2024
Buy,17-Jan-2024
Buy,16-Jan-2024
Buy,15-Jan-2024
Buy,12-Jan-2024
Buy,11-Jan-2024
Buy,10-Jan-2024
Sell,09-Jan-2024
Sell,08-Jan-2024
Sell,05-Jan-2024
Sell,04-Jan-2024
Buy,03-Jan-2024
Sell,02-Jan-2024
Sell,01-Jan-2024
Sell,29-Dec-2023
Sell,28-Dec-2023
Sell,27-Dec-2023
Buy,26-Dec-2023
Sell,22-Dec-2023
Sell,21-Dec-2023
Sell,20-Dec-2023
Buy,19-Dec-2023
Buy,18-Dec-2023
Buy,15-Dec-2023
Sell,14-Dec-2023
Sell,13-Dec-2023
Sell,12-Dec-2023
Sell,11-Dec-2023
Sell,08-Dec-2023
Buy,07-Dec-2023
Buy,06-Dec-2023
Buy,05-Dec-2023
Sell,04-Dec-2023
